family,query_index,map_hash,obstacle_count,seed,f2f_expanded,f2e_expanded,expansion_diff,pooled_n,pooled_median_diff,pooled_mean_diff,pooled_n_f2f_stronger,pooled_n_equal,pooled_n_f2e_stronger,pooled_frac_f2f_stronger,pooled_frac_equal,pooled_frac_f2e_stronger,f2f_source_n,f2f_source_median_diff,f2f_source_mean_diff,f2f_source_n_f2f_stronger,f2f_source_n_equal,f2f_source_n_f2e_stronger,f2f_source_frac_f2f_stronger,f2f_source_frac_equal,f2f_source_frac_f2e_stronger,f2e_source_n,f2e_source_median_diff,f2e_source_mean_diff,f2e_source_n_f2f_stronger,f2e_source_n_equal,f2e_source_n_f2e_stronger,f2e_source_frac_f2f_stronger,f2e_source_frac_equal,f2e_source_frac_f2e_stronger
open_128,0,a5c62e706c2aa56b,0,100,152,152,0,914,0.0,0.0,0,914,0,0.0,1.0,0.0,457,0.0,0.0,0,457,0,0.0,1.0,0.0,457,0.0,0.0,0,457,0,0.0,1.0,0.0
open_128,1,2b1f432ec5bd1529,0,100,71,71,0,428,0.0,0.0,0,428,0,0.0,1.0,0.0,214,0.0,0.0,0,214,0,0.0,1.0,0.0,214,0.0,0.0,0,214,0,0.0,1.0,0.0
open_128,2,4c6c059d50f51687,0,100,132,132,0,794,0.0,0.0,0,794,0,0.0,1.0,0.0,397,0.0,0.0,0,397,0,0.0,1.0,0.0,397,0.0,0.0,0,397,0,0.0,1.0,0.0
open_128,3,c25121785b9ebe0c,0,100,79,79,0,476,0.0,0.0,0,476,0,0.0,1.0,0.0,238,0.0,0.0,0,238,0,0.0,1.0,0.0,238,0.0,0.0,0,238,0,0.0,1.0,0.0
open_128,4,ef7cd971b92565b8,0,100,98,98,0,590,0.0,0.0,0,590,0,0.0,1.0,0.0,295,0.0,0.0,0,295,0,0.0,1.0,0.0,295,0.0,0.0,0,295,0,0.0,1.0,0.0
open_128,5,361e482c72d19a81,0,100,70,70,0,422,0.0,0.0,0,422,0,0.0,1.0,0.0,211,0.0,0.0,0,211,0,0.0,1.0,0.0,211,0.0,0.0,0,211,0,0.0,1.0,0.0
open_128,6,dfc232ef499c55bf,0,100,96,96,0,578,0.0,0.0,0,578,0,0.0,1.0,0.0,289,0.0,0.0,0,289,0,0.0,1.0,0.0,289,0.0,0.0,0,289,0,0.0,1.0,0.0
open_128,7,7a98b383a8f2b758,0,100,168,168,0,1008,0.0,0.0,0,1008,0,0.0,1.0,0.0,504,0.0,0.0,0,504,0,0.0,1.0,0.0,504,0.0,0.0,0,504,0,0.0,1.0,0.0
open_128,8,07d03a2b8343e508,0,100,118,118,0,710,0.0,0.0,0,710,0,0.0,1.0,0.0,355,0.0,0.0,0,355,0,0.0,1.0,0.0,355,0.0,0.0,0,355,0,0.0,1.0,0.0
open_128,9,260fe7d6d2bca4df,0,100,98,98,0,590,0.0,0.0,0,590,0,0.0,1.0,0.0,295,0.0,0.0,0,295,0,0.0,1.0,0.0,295,0.0,0.0,0,295,0,0.0,1.0,0.0
open_128,10,78d62db202f1adb2,0,100,111,111,0,668,0.0,0.0,0,668,0,0.0,1.0,0.0,334,0.0,0.0,0,334,0,0.0,1.0,0.0,334,0.0,0.0,0,334,0,0.0,1.0,0.0
open_128,11,dd51c57302ed99c5,0,100,74,74,0,446,0.0,0.0,0,446,0,0.0,1.0,0.0,223,0.0,0.0,0,223,0,0.0,1.0,0.0,223,0.0,0.0,0,223,0,0.0,1.0,0.0
open_128,12,8545fdada1b80f27,0,100,75,75,0,452,0.0,0.0,0,452,0,0.0,1.0,0.0,226,0.0,0.0,0,226,0,0.0,1.0,0.0,226,0.0,0.0,0,226,0,0.0,1.0,0.0
open_128,13,54f4365d5efa20a2,0,100,169,169,0,1014,0.0,0.0,0,1014,0,0.0,1.0,0.0,507,0.0,0.0,0,507,0,0.0,1.0,0.0,507,0.0,0.0,0,507,0,0.0,1.0,0.0
open_128,14,e94c839e361b946f,0,100,95,95,0,570,0.0,0.0,0,570,0,0.0,1.0,0.0,285,0.0,0.0,0,285,0,0.0,1.0,0.0,285,0.0,0.0,0,285,0,0.0,1.0,0.0
open_128,15,2639243f0b5e4320,0,100,80,80,0,484,0.0,0.0,0,484,0,0.0,1.0,0.0,242,0.0,0.0,0,242,0,0.0,1.0,0.0,242,0.0,0.0,0,242,0,0.0,1.0,0.0
open_128,16,cf128c43dd89c2c0,0,100,118,118,0,708,0.0,0.0,0,708,0,0.0,1.0,0.0,354,0.0,0.0,0,354,0,0.0,1.0,0.0,354,0.0,0.0,0,354,0,0.0,1.0,0.0
open_128,17,60a500f68ed9a63a,0,100,90,90,0,542,0.0,0.0,0,542,0,0.0,1.0,0.0,271,0.0,0.0,0,271,0,0.0,1.0,0.0,271,0.0,0.0,0,271,0,0.0,1.0,0.0
open_128,18,02d9301188cb152e,0,100,121,121,0,726,0.0,0.0,0,726,0,0.0,1.0,0.0,363,0.0,0.0,0,363,0,0.0,1.0,0.0,363,0.0,0.0,0,363,0,0.0,1.0,0.0
open_128,19,a128a74b5e621552,0,100,85,85,0,512,0.0,0.0,0,512,0,0.0,1.0,0.0,256,0.0,0.0,0,256,0,0.0,1.0,0.0,256,0.0,0.0,0,256,0,0.0,1.0,0.0
open_128,20,b5788006df0fd789,0,100,70,70,0,422,0.0,0.0,0,422,0,0.0,1.0,0.0,211,0.0,0.0,0,211,0,0.0,1.0,0.0,211,0.0,0.0,0,211,0,0.0,1.0,0.0
open_128,21,964b54b04a936bf4,0,100,99,99,0,596,0.0,0.0,0,596,0,0.0,1.0,0.0,298,0.0,0.0,0,298,0,0.0,1.0,0.0,298,0.0,0.0,0,298,0,0.0,1.0,0.0
open_128,22,90ed1334510cf483,0,100,137,137,0,822,0.0,0.0,0,822,0,0.0,1.0,0.0,411,0.0,0.0,0,411,0,0.0,1.0,0.0,411,0.0,0.0,0,411,0,0.0,1.0,0.0
open_128,23,7866c466d00004a7,0,100,140,140,0,840,0.0,0.0,0,840,0,0.0,1.0,0.0,420,0.0,0.0,0,420,0,0.0,1.0,0.0,420,0.0,0.0,0,420,0,0.0,1.0,0.0
open_128,24,5acdfd9cbae9343f,0,100,105,105,0,630,0.0,0.0,0,630,0,0.0,1.0,0.0,315,0.0,0.0,0,315,0,0.0,1.0,0.0,315,0.0,0.0,0,315,0,0.0,1.0,0.0
open_128,25,1b927e3cfb13e590,0,100,97,97,0,584,0.0,0.0,0,584,0,0.0,1.0,0.0,292,0.0,0.0,0,292,0,0.0,1.0,0.0,292,0.0,0.0,0,292,0,0.0,1.0,0.0
open_128,26,639c43b9e693f17f,0,100,111,111,0,666,0.0,0.0,0,666,0,0.0,1.0,0.0,333,0.0,0.0,0,333,0,0.0,1.0,0.0,333,0.0,0.0,0,333,0,0.0,1.0,0.0
open_128,27,6c45c32557824162,0,100,73,73,0,364,0.0,0.0,0,364,0,0.0,1.0,0.0,182,0.0,0.0,0,182,0,0.0,1.0,0.0,182,0.0,0.0,0,182,0,0.0,1.0,0.0
open_128,28,ab57c3504a76137b,0,100,107,107,0,644,0.0,0.0,0,644,0,0.0,1.0,0.0,322,0.0,0.0,0,322,0,0.0,1.0,0.0,322,0.0,0.0,0,322,0,0.0,1.0,0.0
open_128,29,5186a4a67cb07046,0,100,71,71,0,428,0.0,0.0,0,428,0,0.0,1.0,0.0,214,0.0,0.0,0,214,0,0.0,1.0,0.0,214,0.0,0.0,0,214,0,0.0,1.0,0.0
maze_127,0,73b1310faa7be825,7936,140,6700,7245,545,13970,37.0,48.22670007158196,8146,5824,0,0.5831066571224052,0.41689334287759483,0.0,6710,34.0,46.925633383010435,3798,2912,0,0.5660208643815201,0.4339791356184799,0.0,7260,40.0,49.42920110192838,4348,2912,0,0.5988980716253444,0.40110192837465564,0.0
maze_127,1,d2cbfeed0384ee05,7938,140,15960,16631,671,32607,89.0,85.26942067654184,32315,292,0,0.991044867666452,0.008955132333548011,0.0,15967,88.0,84.36800901860086,15821,146,0,0.9908561407903802,0.009143859209619841,0.0,16640,90.0,86.134375,16494,146,0,0.9912259615384615,0.008774038461538462,0.0
maze_127,2,3563dfc7dd20b324,7938,140,4054,4054,0,8118,0.0,0.0,0,8118,0,0.0,1.0,0.0,4059,0.0,0.0,0,4059,0,0.0,1.0,0.0,4059,0.0,0.0,0,4059,0,0.0,1.0,0.0
maze_127,3,d771ec47e214c8f2,7935,140,1479,1479,0,2968,0.0,0.0,0,2968,0,0.0,1.0,0.0,1484,0.0,0.0,0,1484,0,0.0,1.0,0.0,1484,0.0,0.0,0,1484,0,0.0,1.0,0.0
maze_127,4,d936e15f058a47a7,7938,140,3392,3761,369,7171,0.0,17.50690280295635,2901,4270,0,0.40454608841165807,0.5954539115883419,0.0,3401,0.0,14.980593942957954,1266,2135,0,0.3722434578065275,0.6277565421934725,0.0,3770,0.0,19.785941644562335,1635,2135,0,0.4336870026525199,0.5663129973474801,0.0
maze_127,5,07905ba9e4dda933,7936,140,1253,1253,0,2522,0.0,0.0,0,2522,0,0.0,1.0,0.0,1261,0.0,0.0,0,1261,0,0.0,1.0,0.0,1261,0.0,0.0,0,1261,0,0.0,1.0,0.0
maze_127,6,5cd41a505b8e43f7,7937,140,2997,2997,0,6002,0.0,0.0,0,6002,0,0.0,1.0,0.0,3001,0.0,0.0,0,3001,0,0.0,1.0,0.0,3001,0.0,0.0,0,3001,0,0.0,1.0,0.0
maze_127,7,1ea178e37ab711ac,7935,140,7839,8560,721,16429,0.0,40.82573498082659,7871,8558,0,0.47909184977783187,0.5209081502221681,0.0,7855,0.0,37.023042647994906,3576,4279,0,0.4552514322087842,0.5447485677912158,0.0,8574,2.0,44.30954047119197,4295,4279,0,0.5009330534173081,0.49906694658269185,0.0
maze_127,8,21032c73d32c5fbf,7937,140,27789,29447,1658,57297,69.0,66.03061242298898,41969,15328,0,0.7324816308009146,0.26751836919908545,0.0,27817,69.0,65.62868030341158,20153,7664,0,0.724485027141676,0.27551497285832405,0.0,29480,70.0,66.4098710990502,21816,7664,0,0.7400271370420625,0.2599728629579376,0.0
maze_127,9,ee8c5833a87f4de2,7938,140,11468,11546,78,23022,49.0,56.91125879593432,13000,10022,0,0.5646772652245678,0.4353227347754322,0.0,11472,48.0,56.813197350069736,6461,5011,0,0.563197350069735,0.436802649930265,0.0,11550,49.0,57.00865800865801,6539,5011,0,0.5661471861471862,0.4338528138528139,0.0
maze_127,10,0e12d00bb980c33c,7937,140,22335,22761,426,45128,52.0,53.62821308278674,30088,15040,0,0.6667257578443538,0.33327424215564616,0.0,22350,52.0,53.699060402684566,14830,7520,0,0.6635346756152125,0.3364653243847875,0.0,22778,52.0,53.55869698832206,15258,7520,0,0.6698568794450785,0.3301431205549214,0.0
maze_127,11,970f83f01391bbf9,7936,140,3923,3923,0,7858,0.0,0.0,0,7858,0,0.0,1.0,0.0,3929,0.0,0.0,0,3929,0,0.0,1.0,0.0,3929,0.0,0.0,0,3929,0,0.0,1.0,0.0
maze_127,12,b373a0f312edbeba,7938,140,16574,16810,236,33396,73.0,69.43211761887652,26502,6894,0,0.7935680919870644,0.20643190801293568,0.0,16581,73.0,69.55841022857487,13134,3447,0,0.7921114528677402,0.20788854713225982,0.0,16815,73.0,69.30758251561106,13368,3447,0,0.7950044603033006,0.20499553969669937,0.0
maze_127,13,770efeba7c5fe238,7937,140,1089,1089,0,2184,0.0,0.0,0,2184,0,0.0,1.0,0.0,1092,0.0,0.0,0,1092,0,0.0,1.0,0.0,1092,0.0,0.0,0,1092,0,0.0,1.0,0.0
maze_127,14,0da90bbd4306e807,7935,140,5153,5864,711,11056,0.0,28.595513748191028,5390,5666,0,0.4875180897250362,0.5124819102749638,0.0,5173,0.0,26.24376570655326,2340,2833,0,0.45234873381016816,0.5476512661898318,0.0,5883,12.0,30.66343702192759,3050,2833,0,0.51844297127316,0.48155702872684003,0.0
maze_127,15,7cf518b7ae9223c6,7936,140,12743,14275,1532,27052,59.0,61.11463108088127,22384,4668,0,0.8274434422593524,0.17255655774064765,0.0,12758,58.0,56.875999372942466,10424,2334,0,0.8170559648847782,0.1829440351152218,0.0,14294,61.0,64.89778928221631,11960,2334,0,0.8367147054708269,0.1632852945291731,0.0
maze_127,16,b84bdd5b49ce0406,7938,140,6652,7277,625,13944,32.0,55.06648020654045,8170,5774,0,0.5859150889271372,0.4140849110728629,0.0,6663,27.0,51.29611286207414,3776,2887,0,0.5667116914302867,0.43328830856971334,0.0,7281,36.0,58.516824612003845,4394,2887,0,0.6034885317950831,0.3965114682049169,0.0
maze_127,17,66f0756d81fc64c2,7937,140,2761,3019,258,5790,0.0,22.279274611398964,1854,3936,0,0.32020725388601035,0.6797927461139897,0.0,2767,0.0,18.457896638959163,799,1968,0,0.28876039031441997,0.7112396096855801,0.0,3023,0.0,25.77704267284155,1055,1968,0,0.3489910684750248,0.6510089315249752,0.0
maze_127,18,8e1028e2d8fe85df,7938,140,4870,5243,373,10135,0.0,18.483571780957078,4205,5930,0,0.41489886531820425,0.5851011346817958,0.0,4883,0.0,17.239811591234897,1918,2965,0,0.3927913168134344,0.6072086831865656,0.0,5252,0.0,19.63994668697639,2287,2965,0,0.43545316070068546,0.5645468392993146,0.0
maze_127,19,e09ba5650f7a50b4,7937,140,2436,2634,198,5096,0.0,2.256475667189953,500,4596,0,0.09811616954474098,0.901883830455259,0.0,2448,0.0,0.8643790849673203,150,2298,0,0.061274509803921566,0.9387254901960784,0.0,2648,0.0,3.543429003021148,350,2298,0,0.13217522658610273,0.8678247734138973,0.0
maze_127,20,812a3fc8375fbebf,7936,140,19624,21111,1487,40809,37.0,37.977872528118795,26363,14446,0,0.6460094586978362,0.35399054130216373,0.0,19664,36.0,37.35923515052888,12441,7223,0,0.6326790073230268,0.36732099267697316,0.0,21145,38.0,38.55318042090329,13922,7223,0,0.6584062426105463,0.34159375738945374,0.0
maze_127,21,300450e4fe30ecb5,7938,140,13022,13222,200,26256,58.0,58.4558577087142,22256,4000,0,0.8476538695917124,0.15234613040828762,0.0,13029,58.0,58.60979353749328,11029,2000,0,0.8464962775347302,0.15350372246526978,0.0,13227,57.0,58.30422620397671,11227,2000,0,0.8487941332123686,0.15120586678763137,0.0
maze_127,22,27cd51209af7eaff,7938,140,6604,6844,240,13458,59.0,57.291276564125425,11990,1468,0,0.8909198989448656,0.10908010105513449,0.0,6609,59.0,57.13194129217733,5875,734,0,0.888939325162657,0.11106067483734301,0.0,6849,59.0,57.44502847130968,6115,734,0,0.8928310702292306,0.10716892977076946,0.0
maze_127,23,0daf5bacbb83fbfb,7938,140,30717,31359,642,62098,84.0,85.85904537988341,59868,2230,0,0.9640890205803729,0.035910979419627044,0.0,30727,84.0,86.02216291860579,29612,1115,0,0.9637126956748137,0.036287304325186315,0.0,31371,84.0,85.69927640177234,30256,1115,0,0.9644576200949921,0.03554237990500781,0.0
maze_127,24,31aef9579346adf7,7937,140,3322,3322,0,6650,0.0,0.0,0,6650,0,0.0,1.0,0.0,3325,0.0,0.0,0,3325,0,0.0,1.0,0.0,3325,0.0,0.0,0,3325,0,0.0,1.0,0.0
maze_127,25,1c9deb6f4ac86026,7935,140,16141,18219,2078,34412,62.0,58.50017435778217,25676,8736,0,0.7461350691619203,0.25386493083807976,0.0,16174,58.0,54.858723877828616,11806,4368,0,0.7299369358229257,0.2700630641770743,0.0,18238,64.0,61.72952078078737,13870,4368,0,0.7605000548305735,0.23949994516942646,0.0
maze_127,26,63fc2c096e9d6585,7937,140,7302,7785,483,15099,90.0,73.45195046029538,10197,4902,0,0.6753427379296643,0.3246572620703358,0.0,7309,89.0,72.16472841702011,4858,2451,0,0.6646600082090574,0.33533999179094265,0.0,7790,92.0,74.6596919127086,5339,2451,0,0.6853658536585366,0.3146341463414634,0.0
maze_127,27,747b0445de9d05aa,7936,140,12979,13409,430,26413,14.0,44.85245901639344,21823,4590,0,0.8262219361677962,0.17377806383220384,0.0,12993,14.0,43.74270761179096,10698,2295,0,0.8233664280766566,0.17663357192334334,0.0,13420,17.0,45.9269001490313,11125,2295,0,0.8289865871833085,0.1710134128166915,0.0
maze_127,28,e1f089a4f06e0036,7936,140,3737,4232,495,7988,22.5,36.028292438657985,4484,3504,0,0.5613420130195292,0.4386579869804707,0.0,3745,13.0,33.07182910547397,1993,1752,0,0.5321762349799734,0.4678237650200267,0.0,4243,28.0,38.63775630450153,2491,1752,0,0.587084609945793,0.4129153900542069,0.0
maze_127,29,b25a4704bc84fef9,7938,140,4812,4812,0,9640,0.0,0.0,0,9640,0,0.0,1.0,0.0,4820,0.0,0.0,0,4820,0,0.0,1.0,0.0,4820,0.0,0.0,0,4820,0,0.0,1.0,0.0
maze_255,0,470fb7b7591cf415,32256,150,25439,27210,1771,52690,122.0,139.67701651167204,43010,9680,0,0.8162839248434238,0.1837160751565762,0.0,25459,119.0,135.44809301229427,20619,4840,0,0.8098904120350368,0.19010958796496327,0.0,27231,125.0,143.63075171679336,22391,4840,0,0.8222613932650288,0.17773860673497116,0.0
maze_255,1,5ab560f82308bde9,32256,150,28906,29457,551,58390,128.0,130.89755095050523,55604,2786,0,0.9522863504024662,0.047713649597533825,0.0,28924,129.0,131.25656893928917,27531,1393,0,0.9518393030009681,0.04816069699903194,0.0,29466,128.0,130.5451367678002,28073,1393,0,0.9527251747777099,0.047274825222290096,0.0
maze_255,2,7da21a94b83de0f5,32256,150,157310,172339,15029,329844,142.0,151.5707455645699,305552,24292,0,0.9263530638726186,0.07364693612738143,0.0,157418,138.0,149.28528503728924,145272,12146,0,0.9228423687253046,0.0771576312746954,0.0,172426,147.0,153.6572790646422,160280,12146,0,0.9295581872803406,0.07044181271965945,0.0
maze_255,3,a95af556c841efc9,32256,150,21227,22526,1299,43779,121.0,112.97329769981042,38921,4858,0,0.8890335549007515,0.1109664450992485,0.0,21239,121.0,112.08479683600923,18810,2429,0,0.8856349168981591,0.11436508310184096,0.0,22540,122.0,113.81051464063887,20111,2429,0,0.8922360248447205,0.10776397515527951,0.0
maze_255,4,3f8bcfb805b126d8,32256,150,25209,25209,0,50434,0.0,0.0,0,50434,0,0.0,1.0,0.0,25217,0.0,0.0,0,25217,0,0.0,1.0,0.0,25217,0.0,0.0,0,25217,0,0.0,1.0,0.0
maze_255,5,d42917a064cb461b,32256,150,14841,14841,0,29694,0.0,0.0,0,29694,0,0.0,1.0,0.0,14847,0.0,0.0,0,14847,0,0.0,1.0,0.0,14847,0.0,0.0,0,14847,0,0.0,1.0,0.0
maze_255,6,759737e4f9481f87,32256,150,24613,27352,2739,52015,87.0,88.22662693453812,46901,5114,0,0.901682207055657,0.09831779294434298,0.0,24636,84.0,85.59599772690372,22079,2557,0,0.8962088001298912,0.10379119987010878,0.0,27379,90.0,90.59370320318492,24822,2557,0,0.9066072537346141,0.09339274626538588,0.0
maze_255,7,b527f15c56cfab64,32257,150,121110,121604,494,242731,165.0,167.65542514141168,241693,1038,0,0.9957236611722442,0.0042763388277558285,0.0,121121,166.0,167.79755781408673,120602,519,0,0.99571502877288,0.004284971227119987,0.0,121610,165.0,167.51386399144806,121091,519,0,0.995732258860291,0.004267741139708905,0.0
maze_255,8,bcc70f06e7046bba,32258,150,60367,61325,958,121717,140.0,137.49095853496226,114767,6950,0,0.9429003343822144,0.05709966561778552,0.0,60383,141.0,137.56189656029014,56908,3475,0,0.9424506897636752,0.05754931023632479,0.0,61334,140.0,137.4211204226041,57859,3475,0,0.9433430071412268,0.05665699285877327,0.0
maze_255,9,203133f4aa747dad,32256,150,11618,12092,474,23736,65.0,54.23913043478261,15128,8608,0,0.6373441186383553,0.3626558813616448,0.0,11634,64.0,53.81167268351384,7330,4304,0,0.6300498538765686,0.3699501461234313,0.0,12102,66.0,54.650057841679065,7798,4304,0,0.6443563047430176,0.3556436952569823,0.0
maze_255,10,e38258f3aa613006,32257,150,93270,93934,664,187234,180.0,174.57497035794782,177726,9508,0,0.9492186248224147,0.05078137517758527,0.0,93287,180.0,174.84430842453932,88533,4754,0,0.9490389872115086,0.05096101278849143,0.0,93947,179.0,174.30752445527798,89193,4754,0,0.9493970004364163,0.050602999563583724,0.0
maze_255,11,24d113aef9f5ca07,32256,150,20825,20825,0,41666,0.0,0.0,0,41666,0,0.0,1.0,0.0,20833,0.0,0.0,0,20833,0,0.0,1.0,0.0,20833,0.0,0.0,0,20833,0,0.0,1.0,0.0
maze_255,12,f1890ba8c2212b69,32256,150,110629,118023,7394,228769,125.0,124.96288832840114,174521,54248,0,0.7628699692703119,0.23713003072968802,0.0,110689,123.0,122.82954042407104,83565,27124,0,0.7549530667003947,0.2450469332996052,0.0,118080,126.0,126.96270325203253,90956,27124,0,0.7702913279132791,0.22970867208672086,0.0
maze_255,13,1d9407debf51d895,32257,150,24195,25134,939,49341,170.0,151.7079305243104,33275,16066,0,0.6743884396343811,0.32561156036561884,0.0,24199,166.0,150.54473325344023,16166,8033,0,0.6680441340551262,0.33195586594487375,0.0,25142,173.0,152.8274998011296,17109,8033,0,0.6804947895950998,0.31950521040490015,0.0
maze_255,14,10053f3588247ecb,32258,150,141261,149406,8145,290748,160.0,164.25302323661728,290518,230,0,0.9992089369488354,0.0007910630511645824,0.0,141298,157.0,162.16271284802332,141183,115,0,0.999186117284038,0.0008138827159620093,0.0,149450,162.0,166.22931415189026,149335,115,0,0.9992305118768819,0.0007694881231180997,0.0
maze_255,15,18fea432e233a4e6,32257,150,20481,21490,1009,41995,124.0,127.25655435170853,41975,20,0,0.9995237528277175,0.0004762471722824146,0.0,20493,122.0,126.37202947347875,20483,10,0,0.9995120284975357,0.0004879715024642561,0.0,21502,126.0,128.09957213282485,21492,10,0,0.9995349269835364,0.00046507301646358477,0.0
maze_255,16,9147aa8ef0ce5aac,32256,150,16961,17438,477,34416,123.0,127.54143421664342,28486,5930,0,0.8276964202696421,0.17230357973035798,0.0,16971,124.0,127.92929114371574,14006,2965,0,0.8252902009309999,0.17470979906900005,0.0,17445,123.0,127.16411579249069,14480,2965,0,0.8300372599598739,0.1699627400401261,0.0
maze_255,17,4fed68247ebe1038,32258,150,225476,234374,8898,459958,175.0,181.30446910370077,457712,2246,0,0.9951169454602377,0.004883054539762326,0.0,225529,174.0,180.96204035844613,224406,1123,0,0.9950205960209109,0.004979403979089163,0.0,234429,175.0,181.6338976833071,233306,1123,0,0.995209637032961,0.004790362967039061,0.0
maze_255,18,3dba770c2ffce61f,32256,150,9545,9545,0,19098,0.0,0.0,0,19098,0,0.0,1.0,0.0,9549,0.0,0.0,0,9549,0,0.0,1.0,0.0,9549,0.0,0.0,0,9549,0,0.0,1.0,0.0
maze_255,19,ad33a8ee8629f244,32256,150,32378,37603,5225,70032,120.0,121.70196481608407,53706,16326,0,0.766877998629198,0.2331220013708019,0.0,32393,111.0,111.01278053900533,24230,8163,0,0.7480011113512178,0.25199888864878217,0.0,37639,129.0,130.9013257525439,29476,8163,0,0.7831238874571588,0.2168761125428412,0.0
maze_255,20,65867a60aef9117b,32257,150,183767,189965,6198,373814,172.0,175.00891084871085,372704,1110,0,0.9970306088054487,0.002969391194551301,0.0,183800,172.0,174.75640369967357,183245,555,0,0.9969804134929271,0.0030195865070729053,0.0,190014,173.0,175.25316029345205,189459,555,0,0.9970791625880199,0.00292083741198017,0.0
maze_255,21,2e4cf79b79211d75,32257,150,19585,22129,2544,41789,55.0,68.23003661250569,31891,9898,0,0.7631434109454641,0.23685658905453588,0.0,19630,52.0,66.04182373917473,14681,4949,0,0.7478858889454916,0.2521141110545084,0.0,22159,59.0,70.16850940926938,17210,4949,0,0.776659596552191,0.223340403447809,0.0
maze_255,22,34c62a9e76c4b5d6,32256,150,15210,16565,1355,31825,75.0,80.38689709347997,21569,10256,0,0.6777376276512176,0.3222623723487824,0.0,15234,73.0,79.08435079427596,10106,5128,0,0.6633845345936721,0.336615465406328,0.0,16591,76.0,81.58290639503345,11463,5128,0,0.6909167620999337,0.3090832379000663,0.0
maze_255,23,cb659371fdf5a381,32257,150,11065,11769,704,22867,84.0,85.05151528403375,22547,320,0,0.9860060348974504,0.013993965102549525,0.0,11077,86.0,85.7411754085041,10917,160,0,0.9855556558635009,0.014444344136499051,0.0,11790,83.0,84.40356234096691,11630,160,0,0.9864291772688719,0.013570822731128074,0.0
maze_255,24,19cdf31860809b7b,32257,150,97264,98221,957,195514,159.0,172.62498337714948,185908,9606,0,0.9508679685342226,0.04913203146577739,0.0,97280,159.0,172.68986430921052,92477,4803,0,0.9506270559210527,0.04937294407894737,0.0,98234,159.0,172.56073253659628,93431,4803,0,0.9511065415233015,0.048893458476698494,0.0
maze_255,25,e8052986791a010e,32257,150,82023,84327,2304,166385,128.0,141.74406346725968,161645,4740,0,0.9715118550350091,0.028488144964990834,0.0,82038,128.0,141.57891464930887,79668,2370,0,0.9711109485848022,0.028889051415197837,0.0,84347,128.0,141.90469133460584,81977,2370,0,0.9719017866669828,0.02809821333301718,0.0
maze_255,26,b4600cbf8cf0f7ce,32256,150,56714,60347,3633,117125,93.0,99.99217075773745,87565,29560,0,0.7476200640341516,0.25237993596584846,0.0,56742,90.0,96.73714356208805,41962,14780,0,0.7395227521060238,0.26047724789397625,0.0,60383,97.0,103.05092492920193,45603,14780,0,0.7552291207790273,0.2447708792209728,0.0
maze_255,27,b160e7d38e2c668e,32257,150,15241,16001,760,31256,94.0,93.91006526746865,26512,4744,0,0.8482211415408242,0.15177885845917582,0.0,15253,92.0,91.98800236019144,12881,2372,0,0.8444896086015866,0.15551039139841344,0.0,16003,96.0,95.74204836593138,13631,2372,0,0.851777791664063,0.14822220833593702,0.0
maze_255,28,60c2374e5b34ca94,32257,150,158211,160863,2652,319127,160.0,172.56507283933982,314081,5046,0,0.9841881131963137,0.015811886803686306,0.0,158238,160.0,172.83898305084745,155715,2523,0,0.9840556629886626,0.015944337011337354,0.0,160889,159.0,172.2956759007763,158366,2523,0,0.9843183809955932,0.015681619004406764,0.0
maze_255,29,0e218a43f80b4baf,32257,150,56993,57546,553,114555,126.0,101.92485705556282,99997,14558,0,0.872916939461394,0.1270830605386059,0.0,57003,126.0,101.98219391961827,49724,7279,0,0.8723049664052769,0.1276950335947231,0.0,57552,126.0,101.86806713928273,50273,7279,0,0.8735230747845427,0.12647692521545734,0.0
maze_127_braid,0,a00f6c48c9f42612,5952,140,1247,1247,0,3214,0.0,0.0,0,3214,0,0.0,1.0,0.0,1607,0.0,0.0,0,1607,0,0.0,1.0,0.0,1607,0.0,0.0,0,1607,0,0.0,1.0,0.0
maze_127_braid,1,5a336f1073d07e6c,5954,140,338,338,0,944,0.0,0.0,0,944,0,0.0,1.0,0.0,472,0.0,0.0,0,472,0,0.0,1.0,0.0,472,0.0,0.0,0,472,0,0.0,1.0,0.0
maze_127_braid,2,4cc2702bb41fe3f1,5954,140,712,712,0,1890,0.0,0.0,0,1890,0,0.0,1.0,0.0,945,0.0,0.0,0,945,0,0.0,1.0,0.0,945,0.0,0.0,0,945,0,0.0,1.0,0.0
maze_127_braid,3,b083b4493776d916,5951,140,664,664,0,1696,0.0,0.0,0,1696,0,0.0,1.0,0.0,848,0.0,0.0,0,848,0,0.0,1.0,0.0,848,0.0,0.0,0,848,0,0.0,1.0,0.0
maze_127_braid,4,ac8256cfc9d4b4aa,5954,140,253,453,200,928,2.0,2.175646551724138,565,363,0,0.6088362068965517,0.3911637931034483,0.0,337,0.0,1.4362017804154303,148,189,0,0.4391691394658754,0.5608308605341247,0.0,591,4.0,2.5972927241962775,417,174,0,0.7055837563451777,0.29441624365482233,0.0
maze_127_braid,5,6b6dc06f5e8a37bc,5952,140,1156,1156,0,2898,0.0,0.0,0,2898,0,0.0,1.0,0.0,1449,0.0,0.0,0,1449,0,0.0,1.0,0.0,1449,0.0,0.0,0,1449,0,0.0,1.0,0.0
maze_127_braid,6,e6500df366ef75f2,5953,140,641,1247,606,2359,0.0,1.6066129715981348,1031,1328,0,0.437049597286986,0.562950402713014,0.0,825,0.0,0.4024242424242424,162,663,0,0.19636363636363635,0.8036363636363636,0.0,1534,2.0,2.2542372881355934,869,665,0,0.5664928292046936,0.4335071707953064,0.0
maze_127_braid,7,068df61b677c5344,5951,140,280,280,0,736,0.0,0.0,0,736,0,0.0,1.0,0.0,368,0.0,0.0,0,368,0,0.0,1.0,0.0,368,0.0,0.0,0,368,0,0.0,1.0,0.0
maze_127_braid,8,3c351608b94e17e2,5953,140,463,463,0,1224,0.0,0.0,0,1224,0,0.0,1.0,0.0,612,0.0,0.0,0,612,0,0.0,1.0,0.0,612,0.0,0.0,0,612,0,0.0,1.0,0.0
maze_127_braid,9,e26046404df9f156,5954,140,73,73,0,230,0.0,0.034782608695652174,4,226,0,0.017391304347826087,0.9826086956521739,0.0,115,0.0,0.034782608695652174,2,113,0,0.017391304347826087,0.9826086956521739,0.0,115,0.0,0.034782608695652174,2,113,0,0.017391304347826087,0.9826086956521739,0.0
maze_127_braid,10,722e45bfef459a1d,5953,140,524,1301,777,2345,2.0,2.6498933901918975,1497,848,0,0.6383795309168443,0.36162046908315565,0.0,700,0.0,0.91,276,424,0,0.3942857142857143,0.6057142857142858,0.0,1645,2.0,3.390273556231003,1221,424,0,0.7422492401215806,0.25775075987841944,0.0
maze_127_braid,11,42e7e1ee6b88b513,5952,140,777,777,0,2016,0.0,0.0,0,2016,0,0.0,1.0,0.0,1008,0.0,0.0,0,1008,0,0.0,1.0,0.0,1008,0.0,0.0,0,1008,0,0.0,1.0,0.0
maze_127_braid,12,89c6b9c47c88cf1e,5954,140,133,133,0,414,0.0,0.0,0,414,0,0.0,1.0,0.0,207,0.0,0.0,0,207,0,0.0,1.0,0.0,207,0.0,0.0,0,207,0,0.0,1.0,0.0
maze_127_braid,13,01f02562d77d6495,5953,140,309,309,0,844,0.0,0.0,0,844,0,0.0,1.0,0.0,422,0.0,0.0,0,422,0,0.0,1.0,0.0,422,0.0,0.0,0,422,0,0.0,1.0,0.0
maze_127_braid,14,856087dca2bb55d7,5951,140,308,633,325,1280,2.0,2.68046875,868,412,0,0.678125,0.321875,0.0,429,2.0,1.3473193473193472,226,203,0,0.5268065268065268,0.4731934731934732,0.0,851,2.0,3.3525264394829613,642,209,0,0.754406580493537,0.245593419506463,0.0
maze_127_braid,15,1c58125337bc4f4c,5952,140,85,85,0,258,0.0,0.0,0,258,0,0.0,1.0,0.0,129,0.0,0.0,0,129,0,0.0,1.0,0.0,129,0.0,0.0,0,129,0,0.0,1.0,0.0
maze_127_braid,16,dd46dc5f47b095f9,5954,140,195,254,59,585,0.0,0.9726495726495726,162,423,0,0.27692307692307694,0.7230769230769231,0.0,256,0.0,0.62109375,47,209,0,0.18359375,0.81640625,0.0,329,0.0,1.2462006079027355,115,214,0,0.3495440729483283,0.6504559270516718,0.0
maze_127_braid,17,db8203483c3ae7ec,5953,140,96,105,9,301,0.0,0.17940199335548174,27,274,0,0.08970099667774087,0.9102990033222591,0.0,146,0.0,0.1232876712328767,9,137,0,0.06164383561643835,0.9383561643835616,0.0,155,0.0,0.23225806451612904,18,137,0,0.11612903225806452,0.8838709677419355,0.0
maze_127_braid,18,70728bded8b430c2,5954,140,677,677,0,1700,0.0,0.0,0,1700,0,0.0,1.0,0.0,850,0.0,0.0,0,850,0,0.0,1.0,0.0,850,0.0,0.0,0,850,0,0.0,1.0,0.0
maze_127_braid,19,b7f37fb4d377b871,5953,140,102,102,0,308,0.0,0.0,0,308,0,0.0,1.0,0.0,154,0.0,0.0,0,154,0,0.0,1.0,0.0,154,0.0,0.0,0,154,0,0.0,1.0,0.0
maze_127_braid,20,85b4d6ff54cbff54,5952,140,3384,4201,817,9198,2.0,2.837790824092194,5512,3686,0,0.5992607088497499,0.40073929115025003,0.0,4125,2.0,2.5023030303030303,2282,1843,0,0.5532121212121213,0.4467878787878788,0.0,5073,2.0,3.1105854523950325,3230,1843,0,0.6367041198501873,0.36329588014981273,0.0
maze_127_braid,21,96afd4cf645bef1b,5954,140,1268,1268,0,3264,0.0,0.0,0,3264,0,0.0,1.0,0.0,1632,0.0,0.0,0,1632,0,0.0,1.0,0.0,1632,0.0,0.0,0,1632,0,0.0,1.0,0.0
maze_127_braid,22,6503a976c8787dc6,5954,140,1203,2568,1365,4656,2.0,3.429123711340206,2791,1865,0,0.5994415807560137,0.4005584192439863,0.0,1547,0.0,1.2074983839689721,549,998,0,0.35488041370394313,0.6451195862960569,0.0,3109,4.0,4.534577034416211,2242,867,0,0.721132196847861,0.27886780315213894,0.0
maze_127_braid,23,94f5cd30c57af640,5954,140,680,824,144,1902,2.0,1.202944269190326,1144,758,0,0.601472134595163,0.39852786540483703,0.0,864,2.0,1.1319444444444444,489,375,0,0.5659722222222222,0.4340277777777778,0.0,1038,2.0,1.2620423892100192,655,383,0,0.6310211946050096,0.36897880539499034,0.0
maze_127_braid,24,8429bf7818c937e0,5953,140,120,120,0,358,0.0,0.0,0,358,0,0.0,1.0,0.0,179,0.0,0.0,0,179,0,0.0,1.0,0.0,179,0.0,0.0,0,179,0,0.0,1.0,0.0
maze_127_braid,25,bfbdc7f10b5d4878,5951,140,349,349,0,948,0.0,0.0,0,948,0,0.0,1.0,0.0,474,0.0,0.0,0,474,0,0.0,1.0,0.0,474,0.0,0.0,0,474,0,0.0,1.0,0.0
maze_127_braid,26,0c8ad32afc9a261f,5953,140,649,858,209,1939,0.0,1.1046931407942238,459,1480,0,0.23671995874161939,0.7632800412583806,0.0,850,0.0,0.3905882352941176,112,738,0,0.13176470588235295,0.8682352941176471,0.0,1089,0.0,1.6620752984389349,347,742,0,0.3186409550045914,0.6813590449954087,0.0
maze_127_braid,27,dda88591ff0cb5c8,5952,140,108,115,7,347,0.0,0.3631123919308357,63,284,0,0.18155619596541786,0.8184438040345822,0.0,170,0.0,0.32941176470588235,28,142,0,0.16470588235294117,0.8352941176470589,0.0,177,0.0,0.3954802259887006,35,142,0,0.1977401129943503,0.8022598870056498,0.0
maze_127_braid,28,38c1b81979dda13b,5952,140,236,249,13,697,0.0,0.11190817790530846,39,658,0,0.05595408895265423,0.9440459110473458,0.0,342,0.0,0.07602339181286549,13,329,0,0.038011695906432746,0.9619883040935673,0.0,355,0.0,0.14647887323943662,26,329,0,0.07323943661971831,0.9267605633802817,0.0
maze_127_braid,29,7d46ad596934021b,5954,140,1152,1152,0,2960,0.0,0.0,0,2960,0,0.0,1.0,0.0,1480,0.0,0.0,0,1480,0,0.0,1.0,0.0,1480,0.0,0.0,0,1480,0,0.0,1.0,0.0
nested_64_d30,0,648a5f657bb3bb83,1228,110,291,291,0,708,0.0,0.0,0,708,0,0.0,1.0,0.0,354,0.0,0.0,0,354,0,0.0,1.0,0.0,354,0.0,0.0,0,354,0,0.0,1.0,0.0
nested_64_d30,1,c139fde381c2b06d,1228,110,184,220,36,627,0.0,0.5422647527910686,69,558,0,0.11004784688995216,0.8899521531100478,0.0,287,0.0,0.059233449477351915,9,278,0,0.0313588850174216,0.9686411149825784,0.0,340,0.0,0.95,60,280,0,0.17647058823529413,0.8235294117647058,0.0
nested_64_d30,2,6e1727bcbc2a458a,1228,110,233,233,0,618,0.0,0.0,0,618,0,0.0,1.0,0.0,309,0.0,0.0,0,309,0,0.0,1.0,0.0,309,0.0,0.0,0,309,0,0.0,1.0,0.0
nested_64_d30,3,69d0aef249d65785,1228,110,1139,4355,3216,6993,2.0,2.767052767052767,4495,2498,0,0.6427856427856428,0.35721435721435724,0.0,1571,0.0,0.46021642266072565,329,1242,0,0.20942075111394018,0.7905792488860598,0.0,5422,4.0,3.4354481741054963,4166,1256,0,0.7683511619328661,0.2316488380671339,0.0
nested_64_d30,4,e94fb1e6df4d21d5,1228,110,2434,9871,7437,14466,6.0,6.643785427899903,11626,2840,0,0.8036775888289783,0.1963224111710217,0.0,2920,2.0,1.9986301369863013,1502,1418,0,0.5143835616438356,0.48561643835616436,0.0,11546,6.0,7.8185518794387665,10124,1422,0,0.8768404642300364,0.12315953576996362,0.0
nested_64_d30,5,3e80e398a80a33da,1228,110,78,78,0,308,0.0,0.0,0,308,0,0.0,1.0,0.0,154,0.0,0.0,0,154,0,0.0,1.0,0.0,154,0.0,0.0,0,154,0,0.0,1.0,0.0
nested_64_d30,6,36e0ac6e1f777935,1228,110,128,494,366,886,2.0,1.3871331828442437,578,308,0,0.6523702031602708,0.3476297968397291,0.0,207,0.0,0.5120772946859904,53,154,0,0.2560386473429952,0.7439613526570048,0.0,679,2.0,1.653902798232695,525,154,0,0.7731958762886598,0.2268041237113402,0.0
nested_64_d30,7,60f4333808a1fce7,1228,110,38,38,0,148,0.0,0.0,0,148,0,0.0,1.0,0.0,74,0.0,0.0,0,74,0,0.0,1.0,0.0,74,0.0,0.0,0,74,0,0.0,1.0,0.0
nested_64_d30,8,4d11fdb4927d4d73,1228,110,73,73,0,286,0.0,0.0,0,286,0,0.0,1.0,0.0,143,0.0,0.0,0,143,0,0.0,1.0,0.0,143,0.0,0.0,0,143,0,0.0,1.0,0.0
nested_64_d30,9,7740aa61f8e92fee,1228,110,573,842,269,1921,0.0,0.5549193128578865,533,1388,0,0.27745965642894327,0.7225403435710568,0.0,792,0.0,0.25,99,693,0,0.125,0.875,0.0,1129,0.0,0.7688219663418955,434,695,0,0.38441098317094774,0.6155890168290522,0.0
nested_64_d30,10,94995bf6baf3dfea,1228,110,33,33,0,132,0.0,0.0,0,132,0,0.0,1.0,0.0,66,0.0,0.0,0,66,0,0.0,1.0,0.0,66,0.0,0.0,0,66,0,0.0,1.0,0.0
nested_64_d30,11,8b38ddba8894f489,1228,110,1245,1245,0,2870,0.0,0.0,0,2870,0,0.0,1.0,0.0,1435,0.0,0.0,0,1435,0,0.0,1.0,0.0,1435,0.0,0.0,0,1435,0,0.0,1.0,0.0
nested_64_d30,12,054a4eae0f857d33,1228,110,954,1095,141,2780,0.0,0.9737410071942446,1354,1426,0,0.4870503597122302,0.5129496402877698,0.0,1320,0.0,0.9242424242424242,610,710,0,0.4621212121212121,0.5378787878787878,0.0,1460,2.0,1.0184931506849315,744,716,0,0.5095890410958904,0.4904109589041096,0.0
nested_64_d30,13,a04a1aa55faa5f4d,1228,110,862,901,39,2176,0.0,0.21507352941176472,235,1941,0,0.10799632352941177,0.8920036764705882,0.0,1065,0.0,0.18497652582159624,99,966,0,0.09295774647887324,0.9070422535211268,0.0,1111,0.0,0.24392439243924394,136,975,0,0.1224122412241224,0.8775877587758776,0.0
nested_64_d30,14,37cb2fd9f334820d,1228,110,53,53,0,190,0.0,0.0,0,190,0,0.0,1.0,0.0,95,0.0,0.0,0,95,0,0.0,1.0,0.0,95,0.0,0.0,0,95,0,0.0,1.0,0.0
nested_64_d30,15,d11c9aa4d4f4d92c,1228,110,474,474,0,1224,0.0,0.0,0,1224,0,0.0,1.0,0.0,612,0.0,0.0,0,612,0,0.0,1.0,0.0,612,0.0,0.0,0,612,0,0.0,1.0,0.0
nested_64_d30,16,b7b0c65a625c113d,1228,110,129,129,0,346,0.0,0.0,0,346,0,0.0,1.0,0.0,173,0.0,0.0,0,173,0,0.0,1.0,0.0,173,0.0,0.0,0,173,0,0.0,1.0,0.0
nested_64_d30,17,97d344de03d85070,1228,110,293,852,559,1579,2.0,1.9278024065864472,996,583,0,0.6307789740341989,0.36922102596580114,0.0,415,0.0,0.5975903614457831,124,291,0,0.2987951807228916,0.7012048192771084,0.0,1164,2.0,2.402061855670103,872,292,0,0.7491408934707904,0.2508591065292096,0.0
nested_64_d30,18,2e462e6a95b177e5,1228,110,152,153,1,425,0.0,0.16,34,391,0,0.08,0.92,0.0,208,0.0,0.16346153846153846,17,191,0,0.08173076923076923,0.9182692307692307,0.0,217,0.0,0.15668202764976957,17,200,0,0.07834101382488479,0.9216589861751152,0.0
nested_64_d30,19,f8b49f6631a7c360,1228,110,31,31,0,130,0.0,0.0,0,130,0,0.0,1.0,0.0,65,0.0,0.0,0,65,0,0.0,1.0,0.0,65,0.0,0.0,0,65,0,0.0,1.0,0.0
nested_64_d30,20,d604ed0b69115ce9,1228,110,450,1930,1480,3172,2.0,2.849621689785624,2216,956,0,0.6986128625472888,0.30138713745271123,0.0,706,0.0,0.6458923512747875,228,478,0,0.32294617563739375,0.6770538243626062,0.0,2466,4.0,3.480535279805353,1988,478,0,0.8061638280616383,0.19383617193836172,0.0
nested_64_d30,21,8cada8b64c123f7e,1228,110,146,146,0,424,0.0,0.0,0,424,0,0.0,1.0,0.0,212,0.0,0.0,0,212,0,0.0,1.0,0.0,212,0.0,0.0,0,212,0,0.0,1.0,0.0
nested_64_d30,22,aca0ecc8b3f56cfa,1228,110,1789,10261,8472,14151,12.0,11.347961274821568,13391,760,0,0.9462935481591407,0.0537064518408593,0.0,2241,6.0,6.255689424364123,1864,377,0,0.8317715305667113,0.1682284694332887,0.0,11910,12.0,12.306129303106633,11527,383,0,0.9678421494542402,0.03215785054575986,0.0
nested_64_d30,23,e23070042949b1d1,1228,110,157,157,0,412,0.0,0.0,0,412,0,0.0,1.0,0.0,206,0.0,0.0,0,206,0,0.0,1.0,0.0,206,0.0,0.0,0,206,0,0.0,1.0,0.0
nested_64_d30,24,1c915f1f0dcf9fbb,1228,110,144,160,16,481,0.0,0.16216216216216217,39,442,0,0.08108108108108109,0.918918918918919,0.0,232,0.0,0.1206896551724138,14,218,0,0.0603448275862069,0.9396551724137931,0.0,249,0.0,0.20080321285140562,25,224,0,0.10040160642570281,0.8995983935742972,0.0
nested_64_d30,25,c3e7916b3cbd25f9,1228,110,306,306,0,792,0.0,0.0,0,792,0,0.0,1.0,0.0,396,0.0,0.0,0,396,0,0.0,1.0,0.0,396,0.0,0.0,0,396,0,0.0,1.0,0.0
nested_64_d30,26,a7b3de1c3ca4b8fe,1228,110,251,251,0,642,0.0,0.0,0,642,0,0.0,1.0,0.0,321,0.0,0.0,0,321,0,0.0,1.0,0.0,321,0.0,0.0,0,321,0,0.0,1.0,0.0
nested_64_d30,27,78b19490269844ee,1228,110,417,417,0,1042,0.0,0.0,0,1042,0,0.0,1.0,0.0,521,0.0,0.0,0,521,0,0.0,1.0,0.0,521,0.0,0.0,0,521,0,0.0,1.0,0.0
nested_64_d30,28,31d2bd93b2321e6c,1228,110,272,314,42,716,2.0,1.8826815642458101,674,42,0,0.9413407821229051,0.05865921787709497,0.0,337,2.0,1.8753709198813056,316,21,0,0.9376854599406528,0.06231454005934718,0.0,379,2.0,1.8891820580474934,358,21,0,0.9445910290237467,0.055408970976253295,0.0
nested_64_d30,29,c4f8c625a75d4869,1228,110,179,179,0,434,0.0,0.0,0,434,0,0.0,1.0,0.0,217,0.0,0.0,0,217,0,0.0,1.0,0.0,217,0.0,0.0,0,217,0,0.0,1.0,0.0
nested_64_d45,0,6d3e708d2c67d5e4,1842,210,153,206,53,422,2.0,1.9241706161137442,406,16,0,0.9620853080568721,0.037914691943127965,0.0,184,2.0,1.9130434782608696,176,8,0,0.9565217391304348,0.043478260869565216,0.0,238,2.0,1.9327731092436975,230,8,0,0.9663865546218487,0.03361344537815126,0.0
nested_64_d45,1,d4a7e9499380df00,1842,210,173,173,0,442,0.0,0.0,0,442,0,0.0,1.0,0.0,221,0.0,0.0,0,221,0,0.0,1.0,0.0,221,0.0,0.0,0,221,0,0.0,1.0,0.0
nested_64_d45,2,e2e76d2d371d9bbc,1842,210,210,1022,812,1437,10.0,13.410577592205986,1233,204,0,0.8580375782881002,0.1419624217118998,0.0,253,2.0,2.4268774703557314,151,102,0,0.5968379446640316,0.4031620553359684,0.0,1184,18.0,15.75760135135135,1082,102,0,0.9138513513513513,0.08614864864864864,0.0
nested_64_d45,3,6ce68899c3db7388,1842,210,343,662,319,1173,2.0,2.9104859335038364,613,560,0,0.5225916453537937,0.4774083546462063,0.0,411,0.0,1.075425790754258,133,278,0,0.3236009732360097,0.6763990267639902,0.0,762,4.0,3.900262467191601,480,282,0,0.6299212598425197,0.3700787401574803,0.0
nested_64_d45,4,6b2c43384adc99fe,1842,210,177,177,0,406,0.0,0.0,0,406,0,0.0,1.0,0.0,203,0.0,0.0,0,203,0,0.0,1.0,0.0,203,0.0,0.0,0,203,0,0.0,1.0,0.0
nested_64_d45,5,caf8c514d75d1cf1,1842,210,113,151,38,308,4.0,2.8766233766233764,236,72,0,0.7662337662337663,0.23376623376623376,0.0,136,4.0,2.735294117647059,100,36,0,0.7352941176470589,0.2647058823529412,0.0,172,4.0,2.988372093023256,136,36,0,0.7906976744186046,0.20930232558139536,0.0
nested_64_d45,6,4b461433882d7813,1842,210,46,46,0,140,0.0,0.02857142857142857,2,138,0,0.014285714285714285,0.9857142857142858,0.0,70,0.0,0.02857142857142857,1,69,0,0.014285714285714285,0.9857142857142858,0.0,70,0.0,0.02857142857142857,1,69,0,0.014285714285714285,0.9857142857142858,0.0
nested_64_d45,7,6296a435c249c8f1,1842,210,720,1505,785,2632,2.0,4.91451367781155,1600,1032,0,0.60790273556231,0.39209726443769,0.0,883,0.0,1.8674971687429218,363,520,0,0.4110985277463194,0.5889014722536806,0.0,1749,6.0,6.452830188679245,1237,512,0,0.7072612921669525,0.29273870783304745,0.0
nested_64_d45,8,8580fcda83538421,1842,210,345,344,-1,757,4.0,2.787318361955086,558,199,0,0.7371202113606341,0.2628797886393659,0.0,381,4.0,2.7611548556430447,278,103,0,0.7296587926509186,0.27034120734908135,0.0,376,4.0,2.8138297872340425,280,96,0,0.7446808510638298,0.2553191489361702,0.0
nested_64_d45,9,8ba12f04b1a41aad,1842,210,105,105,0,238,0.0,0.0,0,238,0,0.0,1.0,0.0,119,0.0,0.0,0,119,0,0.0,1.0,0.0,119,0.0,0.0,0,119,0,0.0,1.0,0.0
nested_64_d45,10,2b3c6535e2d2a635,1842,210,95,95,0,244,0.0,0.0,0,244,0,0.0,1.0,0.0,122,0.0,0.0,0,122,0,0.0,1.0,0.0,122,0.0,0.0,0,122,0,0.0,1.0,0.0
nested_64_d45,11,cae595acd167ffc7,1842,210,269,534,265,859,8.0,9.724097788125727,729,130,0,0.8486612339930152,0.15133876600698487,0.0,291,7.0,6.168384879725086,227,64,0,0.7800687285223368,0.21993127147766323,0.0,568,8.0,11.545774647887324,502,66,0,0.8838028169014085,0.11619718309859155,0.0
nested_64_d45,12,a752ca18185cc3bf,1842,210,74,253,179,383,4.0,5.6266318537859,325,58,0,0.8485639686684073,0.1514360313315927,0.0,107,2.0,2.2149532710280373,78,29,0,0.7289719626168224,0.27102803738317754,0.0,276,6.0,6.949275362318841,247,29,0,0.894927536231884,0.10507246376811594,0.0
nested_64_d45,13,01252b5b09a6d377,1842,210,65,65,0,162,0.0,0.0,0,162,0,0.0,1.0,0.0,81,0.0,0.0,0,81,0,0.0,1.0,0.0,81,0.0,0.0,0,81,0,0.0,1.0,0.0
nested_64_d45,14,08db4a5b2a020068,1842,210,245,245,0,550,0.0,0.0,0,550,0,0.0,1.0,0.0,275,0.0,0.0,0,275,0,0.0,1.0,0.0,275,0.0,0.0,0,275,0,0.0,1.0,0.0
nested_64_d45,15,a1ff504f907e383b,1842,210,254,350,96,698,0.0,1.6303724928366763,294,404,0,0.42120343839541546,0.5787965616045845,0.0,292,0.0,0.952054794520548,90,202,0,0.3082191780821918,0.6917808219178082,0.0,406,1.0,2.1182266009852215,204,202,0,0.5024630541871922,0.4975369458128079,0.0
nested_64_d45,16,73f5d631665fd603,1842,210,284,974,690,1622,2.0,3.1750924784217016,1288,334,0,0.7940813810110974,0.2059186189889026,0.0,376,2.0,1.1648936170212767,207,169,0,0.550531914893617,0.449468085106383,0.0,1246,4.0,3.781701444622793,1081,165,0,0.8675762439807384,0.13242375601926162,0.0
nested_64_d45,17,581f1ddb9c86bc3a,1842,210,51,51,0,136,0.0,0.0,0,136,0,0.0,1.0,0.0,68,0.0,0.0,0,68,0,0.0,1.0,0.0,68,0.0,0.0,0,68,0,0.0,1.0,0.0
nested_64_d45,18,a5c794396afb7d77,1842,210,78,78,0,196,0.0,0.0,0,196,0,0.0,1.0,0.0,98,0.0,0.0,0,98,0,0.0,1.0,0.0,98,0.0,0.0,0,98,0,0.0,1.0,0.0
nested_64_d45,19,f32debc069ae867f,1842,210,238,500,262,830,2.0,2.8759036144578314,437,393,0,0.5265060240963856,0.4734939759036145,0.0,273,0.0,1.1135531135531136,77,196,0,0.28205128205128205,0.717948717948718,0.0,557,2.0,3.7396768402154397,360,197,0,0.6463195691202872,0.35368043087971274,0.0
nested_64_d45,20,9c26525a8911550b,1842,210,127,127,0,292,0.0,0.0,0,292,0,0.0,1.0,0.0,146,0.0,0.0,0,146,0,0.0,1.0,0.0,146,0.0,0.0,0,146,0,0.0,1.0,0.0
nested_64_d45,21,a3b52542d0334643,1842,210,80,80,0,192,0.0,0.0,0,192,0,0.0,1.0,0.0,96,0.0,0.0,0,96,0,0.0,1.0,0.0,96,0.0,0.0,0,96,0,0.0,1.0,0.0
nested_64_d45,22,ca2ca8092b4e2286,1842,210,68,68,0,192,0.0,0.0,0,192,0,0.0,1.0,0.0,96,0.0,0.0,0,96,0,0.0,1.0,0.0,96,0.0,0.0,0,96,0,0.0,1.0,0.0
nested_64_d45,23,40c8f27f3558f027,1842,210,165,911,746,1290,6.0,6.890697674418605,1265,25,0,0.9806201550387597,0.01937984496124031,0.0,199,4.0,4.185929648241206,188,11,0,0.9447236180904522,0.05527638190954774,0.0,1091,8.0,7.384051329055912,1077,14,0,0.9871677360219981,0.012832263978001834,0.0
nested_64_d45,24,ce96560efff50694,1842,210,182,243,61,513,2.0,1.6179337231968811,257,256,0,0.5009746588693957,0.49902534113060426,0.0,215,0.0,0.9488372093023256,86,129,0,0.4,0.6,0.0,298,2.0,2.1006711409395975,171,127,0,0.5738255033557047,0.4261744966442953,0.0
nested_64_d45,25,4ba3d0eff550ef3b,1842,210,142,152,10,375,0.0,0.33066666666666666,55,320,0,0.14666666666666667,0.8533333333333334,0.0,180,0.0,0.21666666666666667,20,160,0,0.1111111111111111,0.8888888888888888,0.0,195,0.0,0.4358974358974359,35,160,0,0.1794871794871795,0.8205128205128205,0.0
nested_64_d45,26,562e78f9057b54fc,1842,210,233,822,589,1174,10.0,9.830494037478704,1104,70,0,0.9403747870528109,0.059625212947189095,0.0,269,6.0,5.394052044609666,234,35,0,0.8698884758364313,0.13011152416356878,0.0,905,12.0,11.149171270718233,870,35,0,0.9613259668508287,0.03867403314917127,0.0
nested_64_d45,27,57c74294b5d1fd97,1842,210,76,76,0,202,0.0,0.0,0,202,0,0.0,1.0,0.0,101,0.0,0.0,0,101,0,0.0,1.0,0.0,101,0.0,0.0,0,101,0,0.0,1.0,0.0
nested_64_d45,28,1660c569c73115ec,1842,210,63,63,0,174,0.0,0.04597701149425287,4,170,0,0.022988505747126436,0.9770114942528736,0.0,87,0.0,0.04597701149425287,2,85,0,0.022988505747126436,0.9770114942528736,0.0,87,0.0,0.04597701149425287,2,85,0,0.022988505747126436,0.9770114942528736,0.0
nested_64_d45,29,806ab1ff2403ad4b,1842,210,245,245,0,522,0.0,0.0,0,522,0,0.0,1.0,0.0,261,0.0,0.0,0,261,0,0.0,1.0,0.0,261,0.0,0.0,0,261,0,0.0,1.0,0.0
