experiment,algorithm,seed,query_index,generator_kind,height,width,obstacle_density,obstacle_count,map_hash,start_row,start_col,goal_row,goal_col,success,termination_reason,solution_cost,runtime_sec,generated,expanded,expanded_unit,forward_expanded,backward_expanded,meeting_g_F,meeting_g_B,direction_switches,heuristic_evals,heuristic_time_sec,peak_open,peak_closed,stale_skipped,duplicates_discarded,timed_out
study_open_128,astar,100,0,open,128,128,0.0,0,a5c62e706c2aa56b,37,117,116,44,True,goal_found,152.0,0.032125000027008355,457,152,state,,,,,,457,0.0014636998530477285,305,152,0,1,False
study_open_128,sfbds_f2f,100,0,open,128,128,0.0,0,a5c62e706c2aa56b,37,117,116,44,True,goal_found,152.0,0.05054199998266995,457,152,pair,152,0,152.0,0.0,0,457,0.001421200402546674,305,152,0,1,False
study_open_128,sfbds_f2e,100,0,open,128,128,0.0,0,a5c62e706c2aa56b,37,117,116,44,True,goal_found,152.0,0.05441449995851144,457,152,pair,152,0,152.0,0.0,0,457,0.004577699059154838,305,152,0,1,False
study_open_128,astar,100,1,open,128,128,0.0,0,2b1f432ec5bd1529,100,89,110,28,True,goal_found,71.0,0.011376100010238588,214,71,state,,,,,,214,0.0005058000097051263,143,71,0,1,False
study_open_128,sfbds_f2f,100,1,open,128,128,0.0,0,2b1f432ec5bd1529,100,89,110,28,True,goal_found,71.0,0.017930100031662732,214,71,pair,71,0,71.0,0.0,0,214,0.0005625997437164187,143,71,0,1,False
study_open_128,sfbds_f2e,100,1,open,128,128,0.0,0,2b1f432ec5bd1529,100,89,110,28,True,goal_found,71.0,0.01862799999071285,214,71,pair,71,0,71.0,0.0,0,214,0.0013218000531196594,143,71,0,1,False
study_open_128,astar,100,2,open,128,128,0.0,0,4c6c059d50f51687,31,20,116,67,True,goal_found,132.0,0.018002299999352545,397,132,state,,,,,,397,0.000979000236839056,265,132,0,1,False
study_open_128,sfbds_f2f,100,2,open,128,128,0.0,0,4c6c059d50f51687,31,20,116,67,True,goal_found,132.0,0.03397729998687282,397,132,pair,132,0,132.0,0.0,0,397,0.001125600072555244,265,132,0,1,False
study_open_128,sfbds_f2e,100,2,open,128,128,0.0,0,4c6c059d50f51687,31,20,116,67,True,goal_found,132.0,0.03582499996991828,397,132,pair,132,0,132.0,0.0,0,397,0.002798399713356048,265,132,0,1,False
study_open_128,astar,100,3,open,128,128,0.0,0,c25121785b9ebe0c,12,52,85,58,True,goal_found,79.0,0.015248999989125878,238,79,state,,,,,,238,0.0006222996162250638,159,79,0,1,False
study_open_128,sfbds_f2f,100,3,open,128,128,0.0,0,c25121785b9ebe0c,12,52,85,58,True,goal_found,79.0,0.029618200031109154,238,79,pair,79,0,79.0,0.0,0,238,0.000642899889498949,159,79,0,1,False
study_open_128,sfbds_f2e,100,3,open,128,128,0.0,0,c25121785b9ebe0c,12,52,85,58,True,goal_found,79.0,0.03209870000137016,238,79,pair,79,0,79.0,0.0,0,238,0.006146199884824455,159,79,0,1,False
study_open_128,astar,100,4,open,128,128,0.0,0,ef7cd971b92565b8,53,103,118,70,True,goal_found,98.0,0.02579310000874102,295,98,state,,,,,,295,0.0031343000009655952,197,98,0,1,False
study_open_128,sfbds_f2f,100,4,open,128,128,0.0,0,ef7cd971b92565b8,53,103,118,70,True,goal_found,98.0,0.05254090001108125,295,98,pair,98,0,98.0,0.0,0,295,0.0014827004633843899,197,98,0,1,False
study_open_128,sfbds_f2e,100,4,open,128,128,0.0,0,ef7cd971b92565b8,53,103,118,70,True,goal_found,98.0,0.04794880002737045,295,98,pair,98,0,98.0,0.0,0,295,0.002511799684725702,197,98,0,1,False
study_open_128,astar,100,5,open,128,128,0.0,0,361e482c72d19a81,96,41,31,46,True,goal_found,70.0,0.012281899980735034,211,70,state,,,,,,211,0.0004992004833184183,141,70,0,1,False
study_open_128,sfbds_f2f,100,5,open,128,128,0.0,0,361e482c72d19a81,96,41,31,46,True,goal_found,70.0,0.01894979999633506,211,70,pair,70,0,70.0,0.0,0,211,0.001506499422248453,141,70,0,1,False
study_open_128,sfbds_f2e,100,5,open,128,128,0.0,0,361e482c72d19a81,96,41,31,46,True,goal_found,70.0,0.022327099984977394,211,70,pair,70,0,70.0,0.0,0,211,0.0016870003310032189,141,70,0,1,False
study_open_128,astar,100,6,open,128,128,0.0,0,dfc232ef499c55bf,1,101,37,41,True,goal_found,96.0,0.012814899964723736,289,96,state,,,,,,289,0.0005884002894163132,193,96,0,1,False
study_open_128,sfbds_f2f,100,6,open,128,128,0.0,0,dfc232ef499c55bf,1,101,37,41,True,goal_found,96.0,0.021516299981158227,289,96,pair,96,0,96.0,0.0,0,289,0.0007742000743746758,193,96,0,1,False
study_open_128,sfbds_f2e,100,6,open,128,128,0.0,0,dfc232ef499c55bf,1,101,37,41,True,goal_found,96.0,0.023897700011730194,289,96,pair,96,0,96.0,0.0,0,289,0.002093299583066255,193,96,0,1,False
study_open_128,astar,100,7,open,128,128,0.0,0,7a98b383a8f2b758,114,99,32,13,True,goal_found,168.0,0.026398300018627197,505,168,state,,,,,,504,0.0012387994793243706,336,168,0,2,False
study_open_128,sfbds_f2f,100,7,open,128,128,0.0,0,7a98b383a8f2b758,114,99,32,13,True,goal_found,168.0,0.039410100027453154,505,168,pair,168,0,168.0,0.0,0,504,0.0013769001816399395,336,168,0,2,False
study_open_128,sfbds_f2e,100,7,open,128,128,0.0,0,7a98b383a8f2b758,114,99,32,13,True,goal_found,168.0,0.043691799975931644,505,168,pair,168,0,168.0,0.0,0,504,0.006354099954478443,336,168,0,2,False
study_open_128,astar,100,8,open,128,128,0.0,0,07d03a2b8343e508,92,123,102,15,True,goal_found,118.0,0.015855700010433793,355,118,state,,,,,,355,0.0006680992664769292,237,118,0,1,False
study_open_128,sfbds_f2f,100,8,open,128,128,0.0,0,07d03a2b8343e508,92,123,102,15,True,goal_found,118.0,0.03207420004764572,355,118,pair,118,0,118.0,0.0,0,355,0.0011173999519087374,237,118,0,1,False
study_open_128,sfbds_f2e,100,8,open,128,128,0.0,0,07d03a2b8343e508,92,123,102,15,True,goal_found,118.0,0.04559170000720769,355,118,pair,118,0,118.0,0.0,0,355,0.00335870060371235,237,118,0,1,False
study_open_128,astar,100,9,open,128,128,0.0,0,260fe7d6d2bca4df,25,76,111,64,True,goal_found,98.0,0.018956099986098707,295,98,state,,,,,,295,0.0012684002285823226,197,98,0,1,False
study_open_128,sfbds_f2f,100,9,open,128,128,0.0,0,260fe7d6d2bca4df,25,76,111,64,True,goal_found,98.0,0.030240399995818734,295,98,pair,98,0,98.0,0.0,0,295,0.00119200034532696,197,98,0,1,False
study_open_128,sfbds_f2e,100,9,open,128,128,0.0,0,260fe7d6d2bca4df,25,76,111,64,True,goal_found,98.0,0.03380829998059198,295,98,pair,98,0,98.0,0.0,0,295,0.0026313996058888733,197,98,0,1,False
study_open_128,astar,100,10,open,128,128,0.0,0,78d62db202f1adb2,61,111,126,65,True,goal_found,111.0,0.01571090001380071,334,111,state,,,,,,334,0.0009903011959977448,223,111,0,1,False
study_open_128,sfbds_f2f,100,10,open,128,128,0.0,0,78d62db202f1adb2,61,111,126,65,True,goal_found,111.0,0.03281720000086352,334,111,pair,111,0,111.0,0.0,0,334,0.0015037009143270552,223,111,0,1,False
study_open_128,sfbds_f2e,100,10,open,128,128,0.0,0,78d62db202f1adb2,61,111,126,65,True,goal_found,111.0,0.03457810002146289,334,111,pair,111,0,111.0,0.0,0,334,0.005343799362890422,223,111,0,1,False
study_open_128,astar,100,11,open,128,128,0.0,0,dd51c57302ed99c5,37,14,83,42,True,goal_found,74.0,0.012399700004607439,223,74,state,,,,,,223,0.000955799943767488,149,74,0,1,False
study_open_128,sfbds_f2f,100,11,open,128,128,0.0,0,dd51c57302ed99c5,37,14,83,42,True,goal_found,74.0,0.019968300010077655,223,74,pair,74,0,74.0,0.0,0,223,0.0006595997838303447,149,74,0,1,False
study_open_128,sfbds_f2e,100,11,open,128,128,0.0,0,dd51c57302ed99c5,37,14,83,42,True,goal_found,74.0,0.029343999980483204,223,74,pair,74,0,74.0,0.0,0,223,0.0026552994386292994,149,74,0,1,False
study_open_128,astar,100,12,open,128,128,0.0,0,8545fdada1b80f27,13,70,30,12,True,goal_found,75.0,0.013772800040896982,226,75,state,,,,,,226,0.0006110997055657208,151,75,0,1,False
study_open_128,sfbds_f2f,100,12,open,128,128,0.0,0,8545fdada1b80f27,13,70,30,12,True,goal_found,75.0,0.01785350003046915,226,75,pair,75,0,75.0,0.0,0,226,0.0006249997531995177,151,75,0,1,False
study_open_128,sfbds_f2e,100,12,open,128,128,0.0,0,8545fdada1b80f27,13,70,30,12,True,goal_found,75.0,0.023288199969101697,226,75,pair,75,0,75.0,0.0,0,226,0.0016790999798104167,151,75,0,1,False
study_open_128,astar,100,13,open,128,128,0.0,0,54f4365d5efa20a2,85,116,3,29,True,goal_found,169.0,0.02341829997021705,508,169,state,,,,,,507,0.00196169939590618,338,169,0,2,False
study_open_128,sfbds_f2f,100,13,open,128,128,0.0,0,54f4365d5efa20a2,85,116,3,29,True,goal_found,169.0,0.040577300009317696,508,169,pair,169,0,169.0,0.0,0,507,0.002184199052862823,338,169,0,2,False
study_open_128,sfbds_f2e,100,13,open,128,128,0.0,0,54f4365d5efa20a2,85,116,3,29,True,goal_found,169.0,0.0470536999637261,508,169,pair,169,0,169.0,0.0,0,507,0.003927600395400077,338,169,0,2,False
study_open_128,astar,100,14,open,128,128,0.0,0,e94c839e361b946f,121,49,30,53,True,goal_found,95.0,0.012043300026562065,286,95,state,,,,,,285,0.000535499828401953,190,95,0,2,False
study_open_128,sfbds_f2f,100,14,open,128,128,0.0,0,e94c839e361b946f,121,49,30,53,True,goal_found,95.0,0.02191449998645112,286,95,pair,95,0,95.0,0.0,0,285,0.0006627003895118833,190,95,0,2,False
study_open_128,sfbds_f2e,100,14,open,128,128,0.0,0,e94c839e361b946f,121,49,30,53,True,goal_found,95.0,0.029837399953976274,286,95,pair,95,0,95.0,0.0,0,285,0.002231500460766256,190,95,0,2,False
study_open_128,astar,100,15,open,128,128,0.0,0,2639243f0b5e4320,41,12,121,12,True,goal_found,80.0,0.012667000002693385,241,80,state,,,,,,242,0.0006985993240959942,162,80,0,0,False
study_open_128,sfbds_f2f,100,15,open,128,128,0.0,0,2639243f0b5e4320,41,12,121,12,True,goal_found,80.0,0.018041100003756583,241,80,pair,80,0,80.0,0.0,0,242,0.0006133997812867165,162,80,0,0,False
study_open_128,sfbds_f2e,100,15,open,128,128,0.0,0,2639243f0b5e4320,41,12,121,12,True,goal_found,80.0,0.028104899975005537,241,80,pair,80,0,80.0,0.0,0,242,0.0016864993958733976,162,80,0,0,False
study_open_128,astar,100,16,open,128,128,0.0,0,cf128c43dd89c2c0,9,109,121,115,True,goal_found,118.0,0.015283100015949458,355,118,state,,,,,,354,0.0006790985935367644,236,118,0,2,False
study_open_128,sfbds_f2f,100,16,open,128,128,0.0,0,cf128c43dd89c2c0,9,109,121,115,True,goal_found,118.0,0.03357489994959906,355,118,pair,118,0,118.0,0.0,0,354,0.001706199545878917,236,118,0,2,False
study_open_128,sfbds_f2e,100,16,open,128,128,0.0,0,cf128c43dd89c2c0,9,109,121,115,True,goal_found,118.0,0.03097139997407794,355,118,pair,118,0,118.0,0.0,0,354,0.0026556997909210622,236,118,0,2,False
study_open_128,astar,100,17,open,128,128,0.0,0,60a500f68ed9a63a,87,116,49,64,True,goal_found,90.0,0.015641900012269616,271,90,state,,,,,,271,0.0010652001365087926,181,90,0,1,False
study_open_128,sfbds_f2f,100,17,open,128,128,0.0,0,60a500f68ed9a63a,87,116,49,64,True,goal_found,90.0,0.020599700044840574,271,90,pair,90,0,90.0,0.0,0,271,0.0008338997722603381,181,90,0,1,False
study_open_128,sfbds_f2e,100,17,open,128,128,0.0,0,60a500f68ed9a63a,87,116,49,64,True,goal_found,90.0,0.026489100011531264,271,90,pair,90,0,90.0,0.0,0,271,0.002018999890424311,181,90,0,1,False
study_open_128,astar,100,18,open,128,128,0.0,0,02d9301188cb152e,106,37,53,105,True,goal_found,121.0,0.02433550002751872,364,121,state,,,,,,363,0.00105820142198354,242,121,0,2,False
study_open_128,sfbds_f2f,100,18,open,128,128,0.0,0,02d9301188cb152e,106,37,53,105,True,goal_found,121.0,0.030495400016661733,364,121,pair,121,0,121.0,0.0,0,363,0.0009052001987583935,242,121,0,2,False
study_open_128,sfbds_f2e,100,18,open,128,128,0.0,0,02d9301188cb152e,106,37,53,105,True,goal_found,121.0,0.03571530000772327,364,121,pair,121,0,121.0,0.0,0,363,0.0030472008511424065,242,121,0,2,False
study_open_128,astar,100,19,open,128,128,0.0,0,a128a74b5e621552,19,68,102,66,True,goal_found,85.0,0.015569699986372143,256,85,state,,,,,,256,0.003410500066820532,171,85,0,1,False
study_open_128,sfbds_f2f,100,19,open,128,128,0.0,0,a128a74b5e621552,19,68,102,66,True,goal_found,85.0,0.020500299986451864,256,85,pair,85,0,85.0,0.0,0,256,0.0006712995818816125,171,85,0,1,False
study_open_128,sfbds_f2e,100,19,open,128,128,0.0,0,a128a74b5e621552,19,68,102,66,True,goal_found,85.0,0.02898179995827377,256,85,pair,85,0,85.0,0.0,0,256,0.002657100500073284,171,85,0,1,False
study_open_128,astar,100,20,open,128,128,0.0,0,b5788006df0fd789,24,48,58,12,True,goal_found,70.0,0.011266999994404614,211,70,state,,,,,,211,0.00047569937305524945,141,70,0,1,False
study_open_128,sfbds_f2f,100,20,open,128,128,0.0,0,b5788006df0fd789,24,48,58,12,True,goal_found,70.0,0.01638530002674088,211,70,pair,70,0,70.0,0.0,0,211,0.0005320997443050146,141,70,0,1,False
study_open_128,sfbds_f2e,100,20,open,128,128,0.0,0,b5788006df0fd789,24,48,58,12,True,goal_found,70.0,0.018972899997606874,211,70,pair,70,0,70.0,0.0,0,211,0.0024882990401238203,141,70,0,1,False
study_open_128,astar,100,21,open,128,128,0.0,0,964b54b04a936bf4,99,69,0,69,True,goal_found,99.0,0.010557500005234033,298,99,state,,,,,,299,0.00055939971935004,200,99,0,0,False
study_open_128,sfbds_f2f,100,21,open,128,128,0.0,0,964b54b04a936bf4,99,69,0,69,True,goal_found,99.0,0.02310400002170354,297,99,pair,0,99,0.0,99.0,0,298,0.000707299099303782,199,99,0,0,False
study_open_128,sfbds_f2e,100,21,open,128,128,0.0,0,964b54b04a936bf4,99,69,0,69,True,goal_found,99.0,0.026708499994128942,297,99,pair,0,99,0.0,99.0,0,298,0.00458539993269369,199,99,0,0,False
study_open_128,astar,100,22,open,128,128,0.0,0,90ed1334510cf483,77,9,6,75,True,goal_found,137.0,0.01890700001968071,412,137,state,,,,,,411,0.0011060999822802842,274,137,0,2,False
study_open_128,sfbds_f2f,100,22,open,128,128,0.0,0,90ed1334510cf483,77,9,6,75,True,goal_found,137.0,0.030095499998424202,412,137,pair,137,0,137.0,0.0,0,411,0.001500600017607212,274,137,0,2,False
study_open_128,sfbds_f2e,100,22,open,128,128,0.0,0,90ed1334510cf483,77,9,6,75,True,goal_found,137.0,0.037286899983882904,412,137,pair,137,0,137.0,0.0,0,411,0.0036760002258233726,274,137,0,2,False
study_open_128,astar,100,23,open,128,128,0.0,0,7866c466d00004a7,59,103,2,20,True,goal_found,140.0,0.0186400999664329,421,140,state,,,,,,420,0.0008225002093240619,280,140,0,2,False
study_open_128,sfbds_f2f,100,23,open,128,128,0.0,0,7866c466d00004a7,59,103,2,20,True,goal_found,140.0,0.032225800037849694,421,140,pair,140,0,140.0,0.0,0,420,0.0016308007179759443,280,140,0,2,False
study_open_128,sfbds_f2e,100,23,open,128,128,0.0,0,7866c466d00004a7,59,103,2,20,True,goal_found,140.0,0.03936870000325143,421,140,pair,140,0,140.0,0.0,0,420,0.005580600176472217,280,140,0,2,False
study_open_128,astar,100,24,open,128,128,0.0,0,5acdfd9cbae9343f,56,76,5,22,True,goal_found,105.0,0.014498399978037924,316,105,state,,,,,,315,0.0006983005441725254,210,105,0,2,False
study_open_128,sfbds_f2f,100,24,open,128,128,0.0,0,5acdfd9cbae9343f,56,76,5,22,True,goal_found,105.0,0.024091999977827072,316,105,pair,105,0,105.0,0.0,0,315,0.0007362995529547334,210,105,0,2,False
study_open_128,sfbds_f2e,100,24,open,128,128,0.0,0,5acdfd9cbae9343f,56,76,5,22,True,goal_found,105.0,0.02876209997339174,316,105,pair,105,0,105.0,0.0,0,315,0.002123899874277413,210,105,0,2,False
study_open_128,astar,100,25,open,128,128,0.0,0,1b927e3cfb13e590,90,82,113,8,True,goal_found,97.0,0.014047299977391958,292,97,state,,,,,,292,0.001043300551827997,195,97,0,1,False
study_open_128,sfbds_f2f,100,25,open,128,128,0.0,0,1b927e3cfb13e590,90,82,113,8,True,goal_found,97.0,0.02498709998326376,292,97,pair,97,0,97.0,0.0,0,292,0.000750499835703522,195,97,0,1,False
study_open_128,sfbds_f2e,100,25,open,128,128,0.0,0,1b927e3cfb13e590,90,82,113,8,True,goal_found,97.0,0.02368339995155111,292,97,pair,97,0,97.0,0.0,0,292,0.0027649003895930946,195,97,0,1,False
study_open_128,astar,100,26,open,128,128,0.0,0,639c43b9e693f17f,47,21,5,90,True,goal_found,111.0,0.016775200027041137,334,111,state,,,,,,333,0.0007254003430716693,222,111,0,2,False
study_open_128,sfbds_f2f,100,26,open,128,128,0.0,0,639c43b9e693f17f,47,21,5,90,True,goal_found,111.0,0.029210500011686236,334,111,pair,111,0,111.0,0.0,0,333,0.002113300550263375,222,111,0,2,False
study_open_128,sfbds_f2e,100,26,open,128,128,0.0,0,639c43b9e693f17f,47,21,5,90,True,goal_found,111.0,0.031271499989088625,334,111,pair,111,0,111.0,0.0,0,333,0.004815900058019906,222,111,0,2,False
study_open_128,astar,100,27,open,128,128,0.0,0,6c45c32557824162,36,40,0,3,True,goal_found,73.0,0.009503800014499575,220,73,state,,,,,,219,0.0004607999580912292,146,73,0,2,False
study_open_128,sfbds_f2f,100,27,open,128,128,0.0,0,6c45c32557824162,36,40,0,3,True,goal_found,73.0,0.014876400004141033,182,73,pair,0,73,0.0,73.0,0,182,0.0005276004085317254,109,73,0,1,False
study_open_128,sfbds_f2e,100,27,open,128,128,0.0,0,6c45c32557824162,36,40,0,3,True,goal_found,73.0,0.017271999968215823,182,73,pair,0,73,0.0,73.0,0,182,0.0019628001609817147,109,73,0,1,False
study_open_128,astar,100,28,open,128,128,0.0,0,ab57c3504a76137b,97,114,50,54,True,goal_found,107.0,0.015511700010392815,322,107,state,,,,,,322,0.00241060002008453,215,107,0,1,False
study_open_128,sfbds_f2f,100,28,open,128,128,0.0,0,ab57c3504a76137b,97,114,50,54,True,goal_found,107.0,0.02729420003015548,322,107,pair,107,0,107.0,0.0,0,322,0.0012083003530278802,215,107,0,1,False
study_open_128,sfbds_f2e,100,28,open,128,128,0.0,0,ab57c3504a76137b,97,114,50,54,True,goal_found,107.0,0.028198799991514534,322,107,pair,107,0,107.0,0.0,0,322,0.0023340993211604655,215,107,0,1,False
study_open_128,astar,100,29,open,128,128,0.0,0,5186a4a67cb07046,41,69,18,117,True,goal_found,71.0,0.011680499999783933,214,71,state,,,,,,214,0.0020759999752044678,143,71,0,1,False
study_open_128,sfbds_f2f,100,29,open,128,128,0.0,0,5186a4a67cb07046,41,69,18,117,True,goal_found,71.0,0.016497300006449223,214,71,pair,71,0,71.0,0.0,0,214,0.0005720008630305529,143,71,0,1,False
study_open_128,sfbds_f2e,100,29,open,128,128,0.0,0,5186a4a67cb07046,41,69,18,117,True,goal_found,71.0,0.019513700040988624,214,71,pair,71,0,71.0,0.0,0,214,0.0017382993828505278,143,71,0,1,False
